ts,symbol,open,high,low,close,quantity
2018-06-20 16:00:00, BINA--BTC--USDT, 6627.94, 6638.0, 6616.51, 6633.99, 825.85583
2018-06-26 09:00:00, BINA--BTC--USDT, 6187.3, 6234.0, 6182.3, 6227.99, 1026.16161
2018-06-27 20:00:00, BINA--BTC--USDT, 6092.0, 6100.0, 6051.26, 6087.84, 627.6264
2018-07-04 08:00:00, BINA--BTC--USDT, 6511.01, 6524.6, 6441.11, 6481.69, 1543.484402
2018-06-20 16:00:00, BINA--ETH--USDT, 525.25, 526.55, 523.37, 525.84, 4404.11177
2018-06-26 09:00:00, BINA--ETH--USDT, 453.22, 456.59, 452.84, 455.92, 4436.64144
2018-06-27 20:00:00, BINA--ETH--USDT, 434.2, 435.0, 431.0, 432.34, 3102.85964
2018-07-04 08:00:00, BINA--ETH--USDT, 461.78, 464.32, 458.02, 460.63, 2287.1044
ts,symbol,open,high,low,close,quantity
2018-06-20 16:00:00, BINA--LTC--USDT, 96.46, 96.58, 95.83, 96.07, 5945.91714
2018-06-26 09:00:00, BINA--LTC--USDT, 80.95, 81.8, 80.74, 81.44, 8183.02484
2018-06-27 20:00:00, BINA--LTC--USDT, 78.68, 78.83, 77.9, 78.52, 5825.18775
2018-07-04 08:00:00, BINA--LTC--USDT, 84.87, 85.3, 84.13, 84.53, 3469.04919
2018-06-26 09:00:00, BINA--EOS--USDT, 8.0358, 8.2, 8.0165, 8.1636, 347557.9
2018-06-27 20:00:00, BINA--EOS--USDT, 7.6422, 7.6995, 7.5677, 7.6693, 359990.93
2018-07-04 08:00:00, BINA--EOS--USDT, 8.8336, 8.8538, 8.7092, 8.7502, 94711.12
2018-06-26 09:00:00, BINA--XRP--USDT, 0.47513, 0.48, 0.474, 0.47879, 1081063.4
2018-06-27 20:00:00, BINA--XRP--USDT, 0.46277, 0.46312, 0.45835, 0.46103, 1194687.2
2018-07-04 08:00:00, BINA--XRP--USDT, 0.48469, 0.48599, 0.48028, 0.48214, 461357.7
2018-06-26 09:00:00, BINA--ETC--USDT, 15.465, 15.7029, 15.3501, 15.6993, 25955.11
2018-06-27 20:00:00, BINA--ETC--USDT, 15.01, 15.04, 14.8, 14.916, 31875.45
2018-07-04 08:00:00, BINA--ETC--USDT, 16.1896, 16.1896, 16.0254, 16.0352, 6162.51
2018-06-20 16:00:00, BINA--BNB--USDT, 15.9999, 16.1461, 15.95, 16.125, 59912.74
2018-06-26 09:00:00, BINA--BNB--USDT, 14.6998, 14.7735, 14.575, 14.7011, 109288.01
2018-06-27 20:00:00, BINA--BNB--USDT, 14.02, 14.03, 13.92, 14.0213, 81564.82
2018-07-04 08:00:00, BINA--BNB--USDT, 14.17, 14.1798, 13.94, 14.0206, 54037.01
2018-06-12 03:00:00, OKEX--BTC--USDT, 6750.224, 6763.4971, 6731.4659, 6751.1783, 468.14765037
2018-06-12 04:00:00, OKEX--BTC--USDT, 6741.5247, 6762.3626, 6724.0477, 6759.2051, 608.60825243
2018-06-12 05:00:00, OKEX--BTC--USDT, 6755.9313, 6773.2483, 6749.9375, 6773.2483, 431.91349184
2018-06-12 06:00:00, OKEX--BTC--USDT, 6772.5579, 6794.7781, 6750.0, 6792.9517, 330.65737206
2018-06-12 07:00:00, OKEX--BTC--USDT, 6791.2192, 6898.0, 6782.8828, 6867.3095, 441.10842725
2018-06-12 08:00:00, OKEX--BTC--USDT, 6864.2844, 6865.6102, 6821.4091, 6834.355, 328.72408182
2018-06-12 09:00:00, OKEX--BTC--USDT, 6833.0354, 6850.0, 6828.0566, 6847.0003, 209.79524937
2018-06-12 10:00:00, OKEX--BTC--USDT, 6853.009, 6865.463, 6834.3, 6853.29, 312.6763431
2018-06-12 11:00:00, OKEX--BTC--USDT, 6853.4188, 6859.1429, 6809.4832, 6809.9318, 336.43183002
2018-06-12 12:00:00, OKEX--BTC--USDT, 6811.4565, 6835.3287, 6805.1252, 6816.5671, 395.25911012
2018-06-12 13:00:00, OKEX--BTC--USDT, 6815.2889, 6838.9999, 6812.2876, 6837.5634, 321.72359035
2018-06-12 14:00:00, OKEX--BTC--USDT, 6835.0303, 6840.4576, 6828.5733, 6828.5733, 282.88556114
2018-06-12 15:00:00, OKEX--BTC--USDT, 6827.7025, 6846.2891, 6805.0, 6821.6972, 327.76717484
2018-06-12 16:00:00, OKEX--BTC--USDT, 6815.082, 6868.7542, 6796.0254, 6853.6655, 435.4216279
2018-06-12 17:00:00, OKEX--BTC--USDT, 6847.5939, 6851.0, 6834.5091, 6844.8406, 432.69983635
2018-06-12 18:00:00, OKEX--BTC--USDT, 6844.8405, 6846.7227, 6825.0807, 6829.8305, 297.35620562
2018-06-12 19:00:00, OKEX--BTC--USDT, 6824.3511, 6846.616, 6811.9331, 6827.6707, 478.83376038
2018-06-12 20:00:00, OKEX--BTC--USDT, 6827.6607, 6827.6707, 6707.0963, 6714.1, 332.00325368
2018-06-12 21:00:00, OKEX--BTC--USDT, 6712.2035, 6730.9648, 6698.853, 6721.8968, 307.67341219
2018-06-18 03:00:00, OKEX--BTC--USDT, 6526.301, 6546.3766, 6508.8917, 6540.7989, 423.24138156
2018-06-18 04:00:00, OKEX--BTC--USDT, 6515.2352, 6519.4806, 6480.0779, 6489.0645, 456.15141836
2018-06-18 05:00:00, OKEX--BTC--USDT, 6487.8518, 6501.4966, 6480.1649, 6492.263, 477.78967401
2018-06-18 06:00:00, OKEX--BTC--USDT, 6496.6111, 6499.7913, 6476.7886, 6485.3847, 402.34181832
2018-06-18 07:00:00, OKEX--BTC--USDT, 6482.5371, 6483.3456, 6433.5214, 6445.0074, 457.27488988
2018-06-18 08:00:00, OKEX--BTC--USDT, 6442.8139, 6454.6452, 6396.3, 6401.1426, 488.14910846
2018-06-18 09:00:00, OKEX--BTC--USDT, 6395.4556, 6441.4392, 6382.3487, 6421.9357, 359.68514707
2018-06-18 10:00:00, OKEX--BTC--USDT, 6416.4706, 6435.0487, 6410.4057, 6434.0, 495.15495657
2018-06-18 11:00:00, OKEX--BTC--USDT, 6432.4458, 6435.847, 6409.2876, 6413.1328, 522.92825896
2018-06-18 12:00:00, OKEX--BTC--USDT, 6413.8485, 6418.9496, 6385.0431, 6405.2374, 431.8230285
2018-06-18 13:00:00, OKEX--BTC--USDT, 6409.0847, 6437.5301, 6398.5948, 6426.0, 498.24215209
2018-06-18 14:00:00, OKEX--BTC--USDT, 6422.8213, 6444.0, 6414.3782, 6426.9406, 455.86413053
2018-06-18 15:00:00, OKEX--BTC--USDT, 6429.64, 6442.7541, 6419.7285, 6436.6435, 370.00755015
2018-06-18 16:00:00, OKEX--BTC--USDT, 6436.0, 6473.0, 6426.5651, 6465.0, 476.96020363
2018-06-18 17:00:00, OKEX--BTC--USDT, 6462.481, 6471.1043, 6450.3627, 6462.2822, 408.17598067
2018-06-18 18:00:00, OKEX--BTC--USDT, 6457.1201, 6459.2062, 6426.6212, 6430.4197, 239.90928314
2018-06-18 19:00:00, OKEX--BTC--USDT, 6422.1678, 6426.1483, 6413.1196, 6418.9368, 172.9424834
2018-06-18 20:00:00, OKEX--BTC--USDT, 6418.8078, 6436.8655, 6418.8078, 6423.0, 222.91453254
2018-06-18 21:00:00, OKEX--BTC--USDT, 6418.0215, 6437.8992, 6405.6938, 6435.5759, 192.00616558
2018-06-20 03:00:00, OKEX--BTC--USDT, 6705.9298, 6742.8018, 6705.8631, 6740.2294, 368.12455951
2018-06-20 04:00:00, OKEX--BTC--USDT, 6738.7588, 6744.1102, 6692.0001, 6694.3409, 488.38866197
2018-06-20 05:00:00, OKEX--BTC--USDT, 6699.6629, 6724.6779, 6696.0001, 6718.2218, 495.18556943
2018-06-20 06:00:00, OKEX--BTC--USDT, 6718.17, 6734.9636, 6711.1587, 6730.7751, 495.15145564
2018-06-20 07:00:00, OKEX--BTC--USDT, 6730.5269, 6746.5, 6720.3222, 6746.5, 465.68200335
2018-06-20 08:00:00, OKEX--BTC--USDT, 6739.3665, 6748.1661, 6683.5758, 6689.1594, 381.27861313
2018-06-20 09:00:00, OKEX--BTC--USDT, 6641.4361, 6642.3026, 6560.3744, 6615.6437, 226.52034922
2018-06-20 10:00:00, OKEX--BTC--USDT, 6610.7031, 6610.7031, 6590.2911, 6605.3016, 350.75138112
2018-06-20 11:00:00, OKEX--BTC--USDT, 6608.7629, 6620.0, 6595.1025, 6604.51, 331.7644767
2018-06-20 12:00:00, OKEX--BTC--USDT, 6602.3, 6603.0023, 6581.1707, 6596.0, 398.96744702
2018-06-20 13:00:00, OKEX--BTC--USDT, 6595.1017, 6607.0, 6588.062, 6591.99, 325.45902336
2018-06-20 14:00:00, OKEX--BTC--USDT, 6588.859, 6625.0401, 6584.502, 6618.1872, 402.13677963
2018-06-20 15:00:00, OKEX--BTC--USDT, 6623.2242, 6630.666, 6610.9413, 6623.6695, 354.00257531
2018-06-20 16:00:00, OKEX--BTC--USDT, 6623.1241, 6633.299, 6616.6895, 6627.6845, 353.92591353
2018-06-22 03:00:00, OKEX--BTC--USDT, 6695.8237, 6721.4999, 6695.8237, 6717.168, 390.42121918
2018-06-22 04:00:00, OKEX--BTC--USDT, 6712.9475, 6729.97, 6706.7354, 6723.4867, 426.45954474
2018-06-22 05:00:00, OKEX--BTC--USDT, 6724.0999, 6725.409, 6700.5708, 6700.5708, 430.82576988
2018-06-22 06:00:00, OKEX--BTC--USDT, 6704.2409, 6735.799, 6699.7, 6725.7588, 511.67289605
2018-06-22 07:00:00, OKEX--BTC--USDT, 6724.3054, 6729.1192, 6717.4, 6718.6986, 412.07740905
2018-06-22 08:00:00, OKEX--BTC--USDT, 6721.7374, 6732.5197, 6715.0, 6721.7626, 434.56552547
2018-06-22 09:00:00, OKEX--BTC--USDT, 6720.9345, 6723.36, 6617.8157, 6633.7721, 311.63674446
2018-06-22 10:00:00, OKEX--BTC--USDT, 6638.1791, 6660.4097, 6630.7442, 6656.4979, 297.79103211
2018-06-22 11:00:00, OKEX--BTC--USDT, 6659.4878, 6669.4912, 6653.1858, 6659.0, 423.72157975
2018-06-22 12:00:00, OKEX--BTC--USDT, 6657.6267, 6659.8605, 6642.0, 6656.4401, 407.6775886
2018-06-22 13:00:00, OKEX--BTC--USDT, 6655.115, 6671.5999, 6639.7503, 6651.2411, 406.38733978
2018-06-22 14:00:00, OKEX--BTC--USDT, 6650.278, 6657.7999, 6629.2848, 6630.9492, 558.68470392
2018-06-22 15:00:00, OKEX--BTC--USDT, 6634.8303, 6635.0, 6463.6047, 6491.4, 261.45158815
2018-06-22 16:00:00, OKEX--BTC--USDT, 6498.0264, 6500.4869, 6371.7189, 6395.6451, 333.47444636
2018-06-22 17:00:00, OKEX--BTC--USDT, 6396.3752, 6399.9989, 6359.6793, 6363.4816, 322.94297962
2018-06-22 18:00:00, OKEX--BTC--USDT, 6319.3169, 6383.8536, 6308.243, 6368.9, 294.35085911
2018-06-22 19:00:00, OKEX--BTC--USDT, 6359.7811, 6375.6407, 6327.0516, 6344.5225, 291.90138008
2018-06-22 20:00:00, OKEX--BTC--USDT, 6345.2948, 6355.1235, 6314.778, 6326.2867, 232.38634581
2018-06-22 21:00:00, OKEX--BTC--USDT, 6322.4881, 6327.4963, 6086.0147, 6119.8033, 136.9256421
2018-06-23 03:00:00, OKEX--BTC--USDT, 6215.1162, 6225.0, 6185.5344, 6195.2389, 277.89974435
2018-06-23 04:00:00, OKEX--BTC--USDT, 6195.968, 6202.125, 6023.8671, 6053.0824, 348.76109567
2018-06-23 05:00:00, OKEX--BTC--USDT, 6052.7699, 6055.5585, 5926.0, 6003.5356, 277.07133191
2018-06-23 06:00:00, OKEX--BTC--USDT, 5985.4982, 6090.5728, 5971.936, 6075.8227, 241.85321917
2018-06-23 07:00:00, OKEX--BTC--USDT, 6065.3, 6076.8187, 6028.54, 6048.2237, 408.99960953
2018-06-23 08:00:00, OKEX--BTC--USDT, 6044.4947, 6159.9179, 6037.9002, 6142.479, 201.8300968
2018-06-23 09:00:00, OKEX--BTC--USDT, 6139.0046, 6147.6136, 6113.413, 6128.0089, 230.81135648
2018-06-23 10:00:00, OKEX--BTC--USDT, 6135.0, 6152.5643, 6114.7617, 6118.3622, 154.24148834
2018-06-23 11:00:00, OKEX--BTC--USDT, 6129.375, 6135.9508, 6084.7934, 6098.723, 161.16393327
2018-06-23 12:00:00, OKEX--BTC--USDT, 6095.9988, 6128.6677, 6089.3845, 6101.6734, 272.70205819
2018-06-23 13:00:00, OKEX--BTC--USDT, 6099.1311, 6109.4322, 6057.3123, 6067.6639, 277.43936877
2018-06-23 14:00:00, OKEX--BTC--USDT, 6037.3702, 6049.4865, 6000.7643, 6037.3036, 187.63512362
2018-06-23 15:00:00, OKEX--BTC--USDT, 6029.252, 6111.413, 6026.747, 6101.6708, 320.07436647
2018-06-23 16:00:00, OKEX--BTC--USDT, 6103.0236, 6117.5539, 6069.5092, 6072.6976, 395.62747426
2018-06-23 17:00:00, OKEX--BTC--USDT, 6078.9435, 6127.4458, 6077.0345, 6115.1513, 306.69083906
2018-06-23 18:00:00, OKEX--BTC--USDT, 6115.6986, 6131.4372, 6104.3, 6116.2791, 304.55456057
2018-06-23 19:00:00, OKEX--BTC--USDT, 6119.6222, 6153.9462, 6096.8002, 6121.8394, 322.99741092
2018-06-23 20:00:00, OKEX--BTC--USDT, 6104.0018, 6123.5, 6074.0943, 6118.3176, 333.37072156
2018-06-23 21:00:00, OKEX--BTC--USDT, 6116.4051, 6135.1686, 6080.0, 6129.7315, 437.4714614
2018-06-26 03:00:00, OKEX--BTC--USDT, 6259.3741, 6271.9819, 6230.6815, 6259.6201, 403.37569079
2018-06-26 04:00:00, OKEX--BTC--USDT, 6254.8761, 6268.4699, 6242.4748, 6247.3699, 468.96991953
2018-06-26 05:00:00, OKEX--BTC--USDT, 6245.7415, 6262.896, 6241.6206, 6259.827, 487.99633967
2018-06-26 06:00:00, OKEX--BTC--USDT, 6262.0, 6266.1767, 6224.4776, 6230.7017, 523.84361598
2018-06-26 07:00:00, OKEX--BTC--USDT, 6230.7014, 6250.0, 6225.4047, 6242.1235, 506.34938683
2018-06-26 08:00:00, OKEX--BTC--USDT, 6252.9883, 6260.0854, 6188.2224, 6190.6567, 456.97354669
2018-06-26 09:00:00, OKEX--BTC--USDT, 6190.0287, 6235.0, 6190.0287, 6231.6012, 384.14261778
2018-06-26 10:00:00, OKEX--BTC--USDT, 6230.0008, 6232.1322, 6221.0, 6230.428, 330.24135202
2018-06-26 11:00:00, OKEX--BTC--USDT, 6230.428, 6239.1737, 6223.0, 6232.4599, 347.99539507
2018-06-26 12:00:00, OKEX--BTC--USDT, 6231.0, 6245.8527, 6220.0895, 6245.2286, 298.46632208
2018-06-26 13:00:00, OKEX--BTC--USDT, 6237.3806, 6266.0863, 6236.7569, 6245.5689, 496.97500963
2018-06-26 14:00:00, OKEX--BTC--USDT, 6245.5689, 6251.6581, 6230.9985, 6237.0, 322.2027672
2018-06-26 15:00:00, OKEX--BTC--USDT, 6232.5772, 6241.3232, 6210.0, 6226.0, 566.80583444
2018-06-26 16:00:00, OKEX--BTC--USDT, 6223.0662, 6229.438, 6202.1624, 6218.7592, 460.35025432
2018-06-26 17:00:00, OKEX--BTC--USDT, 6218.6002, 6218.9996, 6187.7353, 6192.45, 393.31877031
2018-06-26 18:00:00, OKEX--BTC--USDT, 6182.0674, 6221.0, 6182.0674, 6216.223, 427.71456056
2018-06-26 19:00:00, OKEX--BTC--USDT, 6215.0, 6223.33, 6186.038, 6189.9521, 355.97312063
2018-06-26 20:00:00, OKEX--BTC--USDT, 6188.3093, 6215.7419, 6187.0346, 6208.8186, 417.06068538
2018-06-26 21:00:00, OKEX--BTC--USDT, 6209.9992, 6228.0338, 6151.4429, 6177.327, 366.20785233
2018-06-28 03:00:00, OKEX--BTC--USDT, 6124.461, 6150.7609, 6112.4207, 6139.6062, 440.66760488
2018-06-28 04:00:00, OKEX--BTC--USDT, 6137.7848, 6145.6552, 6110.6272, 6123.5719, 544.49504494
2018-06-28 05:00:00, OKEX--BTC--USDT, 6126.5413, 6135.4921, 6112.1211, 6116.0664, 436.51917675
2018-06-28 06:00:00, OKEX--BTC--USDT, 6119.5604, 6157.6885, 6119.5604, 6139.0, 315.21673038
2018-06-28 07:00:00, OKEX--BTC--USDT, 6137.0, 6177.1812, 6113.7728, 6137.1009, 431.57011556
2018-06-28 08:00:00, OKEX--BTC--USDT, 6137.1009, 6163.3435, 6133.0782, 6142.6097, 366.79066258
2018-06-28 09:00:00, OKEX--BTC--USDT, 6142.331, 6149.2269, 6115.0262, 6138.0, 272.70940099
2018-06-28 10:00:00, OKEX--BTC--USDT, 6143.473, 6161.4104, 6104.2173, 6110.0304, 570.2978782
2018-06-28 11:00:00, OKEX--BTC--USDT, 6113.1142, 6129.8351, 6075.7998, 6076.2863, 403.63553523
2018-06-28 12:00:00, OKEX--BTC--USDT, 6092.8852, 6105.9315, 6078.617, 6099.7101, 394.51004187
2018-06-28 13:00:00, OKEX--BTC--USDT, 6099.71, 6117.2527, 6093.8734, 6107.6, 238.72517055
2018-06-28 14:00:00, OKEX--BTC--USDT, 6113.1187, 6114.2371, 6096.1724, 6102.0, 450.38917095
2018-06-28 15:00:00, OKEX--BTC--USDT, 6100.1333, 6108.504, 6090.7144, 6106.0, 557.01154947
2018-06-28 16:00:00, OKEX--BTC--USDT, 6114.7427, 6120.5981, 6106.6911, 6112.3824, 182.82443943
2018-06-28 17:00:00, OKEX--BTC--USDT, 6114.2126, 6115.4581, 6092.7615, 6107.4532, 570.05540426
2018-06-28 18:00:00, OKEX--BTC--USDT, 6106.5285, 6107.9953, 6080.8904, 6094.6886, 410.27268945
2018-06-28 19:00:00, OKEX--BTC--USDT, 6090.9301, 6109.8404, 6085.9161, 6103.0001, 486.8212644
2018-06-28 20:00:00, OKEX--BTC--USDT, 6103.4408, 6124.6899, 6097.819, 6102.0664, 686.19182992
2018-06-28 21:00:00, OKEX--BTC--USDT, 6102.8004, 6112.6607, 6088.9167, 6110.0648, 607.14055764
2018-06-30 03:00:00, OKEX--BTC--USDT, 5889.0746, 5891.2179, 5869.9454, 5888.7801, 466.72305468
2018-06-30 04:00:00, OKEX--BTC--USDT, 5884.1239, 5915.1382, 5884.1239, 5895.2078, 379.92370751
2018-06-30 05:00:00, OKEX--BTC--USDT, 5897.6676, 5932.3392, 5890.9196, 5920.2728, 410.55821658
2018-06-30 06:00:00, OKEX--BTC--USDT, 5923.596, 6244.8999, 5919.9508, 6242.9842, 212.20680002
2018-06-30 07:00:00, OKEX--BTC--USDT, 6243.9401, 6252.9896, 6190.6389, 6201.4742, 297.47327878
2018-06-30 08:00:00, OKEX--BTC--USDT, 6197.4216, 6251.207, 6188.8985, 6232.0, 197.16255392
2018-06-30 09:00:00, OKEX--BTC--USDT, 6237.5, 6471.3358, 6237.5, 6414.0915, 194.23096028
2018-06-30 10:00:00, OKEX--BTC--USDT, 6393.0221, 6417.1212, 6374.4104, 6389.0, 302.43656351
2018-06-30 11:00:00, OKEX--BTC--USDT, 6389.0, 6410.05, 6357.9632, 6360.0001, 462.69712349
2018-06-30 12:00:00, OKEX--BTC--USDT, 6379.5855, 6384.5573, 6359.8843, 6377.0, 437.44666771
2018-06-30 13:00:00, OKEX--BTC--USDT, 6380.0, 6402.7919, 6379.9, 6400.1249, 290.91791464
2018-06-30 14:00:00, OKEX--BTC--USDT, 6385.1324, 6404.09, 6381.8007, 6397.2249, 331.51262031
2018-06-30 15:00:00, OKEX--BTC--USDT, 6389.1507, 6413.0, 6386.5155, 6413.0, 340.38467812
2018-06-30 16:00:00, OKEX--BTC--USDT, 6408.985, 6413.0, 6378.6001, 6387.2748, 430.8322794
2018-06-30 17:00:00, OKEX--BTC--USDT, 6385.0672, 6408.4419, 6374.8733, 6403.0, 324.24412699
2018-06-30 18:00:00, OKEX--BTC--USDT, 6403.0, 6407.0769, 6369.3464, 6377.6999, 291.18377409
2018-06-30 19:00:00, OKEX--BTC--USDT, 6377.6333, 6405.0, 6376.2484, 6398.1, 371.39099563
2018-06-30 20:00:00, OKEX--BTC--USDT, 6398.1, 6444.3392, 6391.6823, 6392.8459, 281.74989238
2018-06-30 21:00:00, OKEX--BTC--USDT, 6392.0, 6402.4832, 6387.2676, 6394.9411, 320.26648242
2018-07-01 03:00:00, OKEX--BTC--USDT, 6322.61, 6338.0502, 6310.8042, 6330.1278, 468.91539844
2018-07-01 04:00:00, OKEX--BTC--USDT, 6326.9679, 6372.5284, 6324.4591, 6363.69, 341.67559405
2018-07-01 05:00:00, OKEX--BTC--USDT, 6359.7025, 6361.9314, 6332.8585, 6335.3488, 492.73849302
2018-07-01 06:00:00, OKEX--BTC--USDT, 6336.0, 6345.1722, 6329.442, 6343.7379, 413.36180943
2018-07-01 07:00:00, OKEX--BTC--USDT, 6347.3763, 6402.0, 6340.5307, 6394.72, 345.57869804
2018-07-01 08:00:00, OKEX--BTC--USDT, 6394.719, 6433.665, 6364.9748, 6374.0006, 250.57931871
2018-07-01 09:00:00, OKEX--BTC--USDT, 6366.0, 6369.936, 6327.6702, 6350.4986, 442.60534481
2018-07-01 10:00:00, OKEX--BTC--USDT, 6347.9326, 6365.6155, 6336.0284, 6341.9998, 309.43573232
2018-07-01 11:00:00, OKEX--BTC--USDT, 6341.9998, 6362.612, 6337.0, 6348.7148, 410.28001579
2018-07-01 12:00:00, OKEX--BTC--USDT, 6348.715, 6362.5072, 6337.0, 6362.5072, 422.00833652
2018-07-01 13:00:00, OKEX--BTC--USDT, 6359.4514, 6400.0, 6354.9105, 6379.0023, 268.40637199
2018-07-01 14:00:00, OKEX--BTC--USDT, 6381.6386, 6400.5978, 6362.3074, 6367.1278, 370.72944836
2018-07-01 15:00:00, OKEX--BTC--USDT, 6369.1372, 6387.9998, 6362.5982, 6376.9502, 354.72992361
2018-07-01 16:00:00, OKEX--BTC--USDT, 6377.5878, 6393.7875, 6360.0, 6393.0, 412.58398696
2018-07-01 17:00:00, OKEX--BTC--USDT, 6392.8936, 6401.531, 6370.0, 6374.9231, 491.91038602
2018-07-01 18:00:00, OKEX--BTC--USDT, 6358.9216, 6387.0653, 6358.9216, 6381.2275, 270.52523869
2018-07-01 19:00:00, OKEX--BTC--USDT, 6381.0001, 6385.1624, 6370.3382, 6379.0, 409.57429203
2018-07-01 20:00:00, OKEX--BTC--USDT, 6382.3155, 6388.5854, 6365.0, 6365.0, 309.80188372
2018-07-01 21:00:00, OKEX--BTC--USDT, 6357.9, 6366.0121, 6335.0075, 6342.6797, 295.3696186
2018-07-08 02:00:00, OKEX--BTC--USDT, 6547.2702, 6556.5186, 6523.8327, 6552.3558, 283.80704625
2018-07-08 03:00:00, OKEX--BTC--USDT, 6552.1451, 6555.1826, 6540.0001, 6540.0001, 589.86659608
2018-07-08 04:00:00, OKEX--BTC--USDT, 6540.0002, 6545.128, 6516.5328, 6526.5321, 477.48343551
2018-07-08 05:00:00, OKEX--BTC--USDT, 6529.9742, 6544.9474, 6525.8283, 6534.1366, 540.95380714
2018-07-08 06:00:00, OKEX--BTC--USDT, 6533.3462, 6573.9057, 6523.8708, 6573.9057, 477.28386998
2018-07-08 07:00:00, OKEX--BTC--USDT, 6576.5917, 6800.0055, 6574.5938, 6757.8053, 704.16784804
2018-07-08 08:00:00, OKEX--BTC--USDT, 6764.5221, 6777.9999, 6730.4087, 6744.1404, 658.22383096
2018-07-08 09:00:00, OKEX--BTC--USDT, 6742.486, 6757.8054, 6734.7473, 6739.6859, 591.24011726
2018-07-08 10:00:00, OKEX--BTC--USDT, 6739.686, 6747.5637, 6722.962, 6744.5048, 803.99100339
2018-07-08 11:00:00, OKEX--BTC--USDT, 6743.9993, 6749.3224, 6717.8887, 6717.8887, 619.24957933
2018-07-08 12:00:00, OKEX--BTC--USDT, 6718.1036, 6727.1818, 6708.4114, 6713.3879, 503.78462526
2018-07-08 13:00:00, OKEX--BTC--USDT, 6715.6493, 6735.6943, 6713.3001, 6728.6655, 471.83353753
2018-07-08 14:00:00, OKEX--BTC--USDT, 6731.7058, 6735.9999, 6723.7701, 6726.1825, 537.94737221
2018-07-08 15:00:00, OKEX--BTC--USDT, 6727.9, 6739.9999, 6725.0004, 6737.0, 585.63075556
2018-07-08 16:00:00, OKEX--BTC--USDT, 6735.9708, 6742.3628, 6725.9581, 6732.5933, 797.78804682
2018-07-08 17:00:00, OKEX--BTC--USDT, 6732.5932, 6742.0871, 6728.5839, 6736.5038, 520.12791939
2018-07-08 18:00:00, OKEX--BTC--USDT, 6739.0, 6740.3134, 6724.0, 6724.2094, 517.00595705
2018-07-08 19:00:00, OKEX--BTC--USDT, 6725.4707, 6739.802, 6720.7809, 6738.4539, 489.50747834
2018-07-08 20:00:00, OKEX--BTC--USDT, 6739.0, 6762.1918, 6714.4413, 6725.1367, 668.02486777
2018-07-08 21:00:00, OKEX--BTC--USDT, 6723.2046, 6746.3843, 6720.3216, 6733.5453, 552.94007498
2018-06-12 03:00:00, OKEX--ETH--USDT, 519.9519, 521.8109, 517.412, 518.698, 1650.040709
2018-06-12 04:00:00, OKEX--ETH--USDT, 518.705, 519.5782, 515.6379, 516.1816, 2594.815428
2018-06-12 05:00:00, OKEX--ETH--USDT, 516.1877, 519.8799, 515.9252, 519.3877, 2306.506328
2018-06-12 06:00:00, OKEX--ETH--USDT, 519.3506, 525.0, 518.8065, 525.0, 2224.423419
2018-06-12 07:00:00, OKEX--ETH--USDT, 526.0, 532.7274, 524.724, 531.4186, 1802.959175
2018-06-12 08:00:00, OKEX--ETH--USDT, 530.9345, 531.1243, 525.669, 526.9852, 1632.836418
2018-06-12 09:00:00, OKEX--ETH--USDT, 527.4293, 529.9985, 525.6, 529.7344, 1540.866134
2018-06-12 10:00:00, OKEX--ETH--USDT, 530.4676, 533.3083, 529.01, 531.3639, 1482.789268
2018-06-12 11:00:00, OKEX--ETH--USDT, 532.1766, 532.1775, 526.12, 526.4098, 1939.369974
2018-06-12 12:00:00, OKEX--ETH--USDT, 526.1677, 530.0711, 525.9115, 529.1174, 1764.961792
2018-06-12 13:00:00, OKEX--ETH--USDT, 529.3, 532.5437, 528.6798, 531.7536, 2606.914672
2018-06-12 14:00:00, OKEX--ETH--USDT, 531.6323, 533.2108, 531.095, 531.3274, 2371.157093
2018-06-12 15:00:00, OKEX--ETH--USDT, 531.3274, 531.7412, 527.5, 529.8399, 2948.24147
2018-06-12 16:00:00, OKEX--ETH--USDT, 530.1092, 538.8603, 528.0, 536.8536, 2094.471
2018-06-12 17:00:00, OKEX--ETH--USDT, 536.1748, 536.6, 534.723, 535.5775, 2146.26333
2018-06-12 18:00:00, OKEX--ETH--USDT, 535.8361, 535.9204, 531.5897, 532.584, 1685.606243
2018-06-12 19:00:00, OKEX--ETH--USDT, 532.0095, 533.2579, 528.9702, 531.8106, 1518.561127
2018-06-12 20:00:00, OKEX--ETH--USDT, 532.21, 532.4006, 521.6097, 521.8074, 2040.98412
2018-06-12 21:00:00, OKEX--ETH--USDT, 521.6461, 523.8949, 520.0648, 522.2232, 1507.979859
2018-06-18 03:00:00, OKEX--ETH--USDT, 502.0343, 502.8559, 500.2997, 501.6306, 2682.210796
2018-06-18 04:00:00, OKEX--ETH--USDT, 500.4927, 501.2282, 497.6939, 499.4889, 2788.542109
2018-06-18 05:00:00, OKEX--ETH--USDT, 499.1044, 500.4185, 498.8461, 499.7046, 2369.835417
2018-06-18 06:00:00, OKEX--ETH--USDT, 499.6483, 500.4269, 498.9585, 499.06, 2182.610341
2018-06-18 07:00:00, OKEX--ETH--USDT, 499.0112, 499.3665, 495.1887, 497.3411, 2117.276403
2018-06-18 08:00:00, OKEX--ETH--USDT, 497.5525, 497.677, 488.4665, 488.4665, 2900.954124
2018-06-18 09:00:00, OKEX--ETH--USDT, 488.1064, 492.9742, 488.0, 491.8771, 2105.616977
2018-06-18 10:00:00, OKEX--ETH--USDT, 491.9821, 496.391, 491.0, 495.4752, 1919.139251
2018-06-18 11:00:00, OKEX--ETH--USDT, 495.4749, 495.709, 493.731, 494.1173, 2380.956888
2018-06-18 12:00:00, OKEX--ETH--USDT, 494.2272, 495.21, 492.3915, 493.2069, 1600.658521
2018-06-18 13:00:00, OKEX--ETH--USDT, 493.3092, 494.7611, 492.1338, 493.9241, 2228.635359
2018-06-18 14:00:00, OKEX--ETH--USDT, 493.7376, 495.5389, 493.4015, 494.5498, 2582.841714
2018-06-18 15:00:00, OKEX--ETH--USDT, 494.5498, 495.1448, 493.5288, 494.683, 2314.324759
2018-06-18 16:00:00, OKEX--ETH--USDT, 494.3882, 498.0978, 494.1486, 497.6463, 2545.391988
2018-06-18 17:00:00, OKEX--ETH--USDT, 497.2, 498.36, 495.6622, 496.68, 1684.738746
2018-06-18 18:00:00, OKEX--ETH--USDT, 496.0336, 496.2384, 494.075, 494.2757, 1914.135334
2018-06-18 19:00:00, OKEX--ETH--USDT, 493.3129, 493.3249, 492.08, 492.56, 419.881609
2018-06-18 20:00:00, OKEX--ETH--USDT, 493.0535, 495.404, 492.8338, 494.5411, 689.829116
2018-06-18 21:00:00, OKEX--ETH--USDT, 493.9, 496.2308, 493.0, 494.5866, 892.37296
2018-06-20 03:00:00, OKEX--ETH--USDT, 531.5708, 537.0679, 531.51, 537.0679, 2364.647927
2018-06-20 04:00:00, OKEX--ETH--USDT, 537.0524, 538.0, 531.3986, 531.3986, 2149.267512
2018-06-20 05:00:00, OKEX--ETH--USDT, 531.3738, 535.1852, 530.2221, 534.944, 2271.716094
2018-06-20 06:00:00, OKEX--ETH--USDT, 535.1694, 536.6597, 534.0123, 535.6938, 2645.966103
2018-06-20 07:00:00, OKEX--ETH--USDT, 535.441, 538.4, 534.5784, 537.6681, 1797.796927
2018-06-20 08:00:00, OKEX--ETH--USDT, 537.6004, 538.91, 529.1786, 529.7501, 2182.441675
2018-06-20 09:00:00, OKEX--ETH--USDT, 527.6528, 527.6528, 517.0, 524.2787, 1383.278193
2018-06-20 10:00:00, OKEX--ETH--USDT, 524.4789, 524.4789, 520.246, 520.9, 1209.588138
2018-06-20 11:00:00, OKEX--ETH--USDT, 520.4478, 522.2, 519.3884, 519.9165, 1097.892033
2018-06-20 12:00:00, OKEX--ETH--USDT, 518.5363, 521.6705, 516.9599, 520.0523, 1429.063866
2018-06-20 13:00:00, OKEX--ETH--USDT, 520.7005, 521.058, 518.6273, 519.4416, 1629.441324
2018-06-20 14:00:00, OKEX--ETH--USDT, 518.8484, 523.6147, 518.7588, 523.099, 1642.574467
2018-06-20 15:00:00, OKEX--ETH--USDT, 524.4805, 524.7946, 523.0, 524.76, 2200.770592
2018-06-20 16:00:00, OKEX--ETH--USDT, 524.76, 525.9571, 523.7836, 525.7382, 1630.413654
2018-06-22 03:00:00, OKEX--ETH--USDT, 522.1265, 524.8837, 522.1264, 524.7757, 511.611333
2018-06-22 04:00:00, OKEX--ETH--USDT, 524.1078, 527.4513, 524.1078, 526.5393, 364.959326
2018-06-22 05:00:00, OKEX--ETH--USDT, 526.5393, 526.5441, 523.5838, 524.8615, 213.106431
2018-06-22 06:00:00, OKEX--ETH--USDT, 524.9604, 526.9061, 524.4618, 526.8355, 419.27233
2018-06-22 07:00:00, OKEX--ETH--USDT, 526.1976, 526.6504, 525.9759, 526.3468, 1379.071557
2018-06-22 08:00:00, OKEX--ETH--USDT, 526.3468, 526.3668, 524.7056, 524.9315, 1368.207348
2018-06-22 09:00:00, OKEX--ETH--USDT, 524.8088, 525.199, 511.0, 514.28, 810.344051
2018-06-22 10:00:00, OKEX--ETH--USDT, 514.8316, 516.6762, 512.5155, 516.44, 1714.637021
2018-06-22 11:00:00, OKEX--ETH--USDT, 516.3352, 517.9703, 516.0834, 516.525, 2700.531305
2018-06-22 12:00:00, OKEX--ETH--USDT, 516.5337, 517.1746, 513.197, 514.9613, 2228.60551
2018-06-22 13:00:00, OKEX--ETH--USDT, 515.3067, 516.9069, 513.259, 513.259, 2593.631377
2018-06-22 14:00:00, OKEX--ETH--USDT, 514.398, 515.5253, 512.0, 512.08, 2353.116652
2018-06-22 15:00:00, OKEX--ETH--USDT, 510.0, 510.2577, 495.9989, 496.7125, 2248.488307
2018-06-22 16:00:00, OKEX--ETH--USDT, 500.7358, 502.9453, 490.6417, 495.8419, 1832.6665
2018-06-22 17:00:00, OKEX--ETH--USDT, 495.7399, 496.3805, 490.831, 491.3572, 1558.369015
2018-06-22 18:00:00, OKEX--ETH--USDT, 487.8409, 492.1172, 484.9323, 491.4651, 930.277511
2018-06-22 19:00:00, OKEX--ETH--USDT, 489.4042, 491.5097, 484.1, 486.9916, 937.816105
2018-06-22 20:00:00, OKEX--ETH--USDT, 486.3756, 486.4948, 478.3013, 479.5201, 789.91303
2018-06-22 21:00:00, OKEX--ETH--USDT, 478.1419, 478.2938, 462.3375, 467.5, 616.876056
2018-06-23 03:00:00, OKEX--ETH--USDT, 477.6542, 480.2704, 475.5855, 475.9093, 343.322039
2018-06-23 04:00:00, OKEX--ETH--USDT, 475.9342, 476.0666, 458.8698, 462.6174, 607.053099
2018-06-23 05:00:00, OKEX--ETH--USDT, 462.4165, 462.4838, 449.9378, 450.2438, 1350.555057
2018-06-23 06:00:00, OKEX--ETH--USDT, 461.845, 466.6208, 455.0, 460.6227, 467.454556
2018-06-23 07:00:00, OKEX--ETH--USDT, 462.365, 465.4347, 462.0095, 462.5129, 866.697658
2018-06-23 08:00:00, OKEX--ETH--USDT, 463.3075, 473.8195, 460.8782, 472.9543, 361.308389
2018-06-23 09:00:00, OKEX--ETH--USDT, 469.9757, 472.6737, 467.0, 470.6299, 781.392064
2018-06-23 10:00:00, OKEX--ETH--USDT, 471.0137, 474.8952, 471.0137, 471.902, 884.787461
2018-06-23 11:00:00, OKEX--ETH--USDT, 472.8206, 473.8852, 464.7337, 466.1374, 682.712196
2018-06-23 12:00:00, OKEX--ETH--USDT, 466.0639, 469.2626, 466.0, 468.5728, 905.523083
2018-06-23 13:00:00, OKEX--ETH--USDT, 469.2638, 470.4, 463.0, 463.5246, 2780.289319
2018-06-23 14:00:00, OKEX--ETH--USDT, 463.5046, 463.5046, 455.9584, 459.8798, 2180.733994
2018-06-23 15:00:00, OKEX--ETH--USDT, 459.139, 468.2926, 458.9317, 467.9804, 1896.668975
2018-06-23 16:00:00, OKEX--ETH--USDT, 468.135, 469.4206, 465.0, 465.5, 2323.927968
2018-06-23 17:00:00, OKEX--ETH--USDT, 466.8678, 473.2222, 466.4926, 472.1491, 491.336083
2018-06-23 18:00:00, OKEX--ETH--USDT, 472.0709, 473.6318, 471.2673, 472.7293, 325.116457
2018-06-23 19:00:00, OKEX--ETH--USDT, 473.7346, 476.74, 469.341, 472.7425, 505.959627
2018-06-23 20:00:00, OKEX--ETH--USDT, 471.3911, 471.3911, 467.0627, 470.6912, 586.60046
2018-06-23 21:00:00, OKEX--ETH--USDT, 469.8858, 471.2016, 468.1864, 471.2016, 517.422209
2018-06-26 03:00:00, OKEX--ETH--USDT, 462.9244, 463.4324, 458.5735, 460.0761, 394.583815
2018-06-26 04:00:00, OKEX--ETH--USDT, 460.4276, 460.8804, 458.3514, 458.9942, 226.405897
2018-06-26 05:00:00, OKEX--ETH--USDT, 458.5908, 462.9946, 458.1982, 462.606, 419.458849
2018-06-26 06:00:00, OKEX--ETH--USDT, 462.915, 463.1358, 457.9258, 460.4506, 465.281322
2018-06-26 07:00:00, OKEX--ETH--USDT, 461.5611, 461.769, 457.8804, 458.748, 492.737413
2018-06-26 08:00:00, OKEX--ETH--USDT, 459.9151, 460.3408, 454.5785, 455.0238, 701.239376
2018-06-26 09:00:00, OKEX--ETH--USDT, 453.9232, 456.3574, 453.8399, 456.2, 532.115851
2018-06-26 10:00:00, OKEX--ETH--USDT, 456.5035, 458.099, 455.807, 457.7, 1794.350985
2018-06-26 11:00:00, OKEX--ETH--USDT, 457.5524, 458.7328, 456.8955, 458.6436, 2959.395997
2018-06-26 12:00:00, OKEX--ETH--USDT, 458.465, 458.8062, 457.0949, 458.4663, 3192.034832
2018-06-26 13:00:00, OKEX--ETH--USDT, 458.2578, 461.9757, 458.0567, 460.2677, 3112.124952
2018-06-26 14:00:00, OKEX--ETH--USDT, 460.2277, 460.2872, 457.0483, 457.3249, 2194.290304
2018-06-26 15:00:00, OKEX--ETH--USDT, 456.7534, 456.7652, 454.0, 455.1634, 1831.847696
2018-06-26 16:00:00, OKEX--ETH--USDT, 454.5663, 454.8119, 450.0, 451.1014, 1676.835655
2018-06-26 17:00:00, OKEX--ETH--USDT, 450.6176, 451.6408, 445.8466, 446.2666, 1650.499464
2018-06-26 18:00:00, OKEX--ETH--USDT, 446.4554, 451.0407, 444.95, 450.9736, 2128.731311
2018-06-26 19:00:00, OKEX--ETH--USDT, 450.9465, 451.1237, 449.0312, 449.3549, 2202.621207
2018-06-26 20:00:00, OKEX--ETH--USDT, 448.0063, 450.7355, 447.6996, 450.2215, 2487.832265
2018-06-26 21:00:00, OKEX--ETH--USDT, 450.145, 451.6088, 445.0492, 445.5104, 1639.295838
2018-06-28 03:00:00, OKEX--ETH--USDT, 434.3771, 437.0811, 433.5107, 436.5477, 2283.615245
2018-06-28 04:00:00, OKEX--ETH--USDT, 436.5477, 437.136, 433.6133, 434.4186, 2341.742037
2018-06-28 05:00:00, OKEX--ETH--USDT, 434.4647, 435.8528, 433.9728, 435.021, 2021.984084
2018-06-28 06:00:00, OKEX--ETH--USDT, 435.749, 439.54, 434.8217, 437.9914, 1663.902824
2018-06-28 07:00:00, OKEX--ETH--USDT, 438.6905, 444.7443, 438.5637, 441.8501, 2287.366489
2018-06-28 08:00:00, OKEX--ETH--USDT, 441.853, 443.0372, 441.0, 441.4586, 2273.408794
2018-06-28 09:00:00, OKEX--ETH--USDT, 441.464, 441.6649, 437.0, 438.1987, 3026.660633
2018-06-28 10:00:00, OKEX--ETH--USDT, 437.5114, 439.0609, 436.0564, 436.6762, 3041.998478
2018-06-28 11:00:00, OKEX--ETH--USDT, 436.3631, 437.4603, 430.6216, 431.1332, 1702.03042
2018-06-28 12:00:00, OKEX--ETH--USDT, 432.6229, 432.6229, 430.689, 431.8097, 3814.661977
2018-06-28 13:00:00, OKEX--ETH--USDT, 432.0237, 434.707, 431.6523, 434.0476, 2171.196671
2018-06-28 14:00:00, OKEX--ETH--USDT, 434.03, 434.5747, 431.2207, 433.5628, 1977.285819
2018-06-28 15:00:00, OKEX--ETH--USDT, 433.32, 434.979, 431.4735, 434.9085, 2175.790117
2018-06-28 16:00:00, OKEX--ETH--USDT, 435.01, 435.5, 434.472, 435.4788, 770.561326
2018-06-28 17:00:00, OKEX--ETH--USDT, 435.4666, 436.8253, 433.0, 434.1933, 2429.268069
2018-06-28 18:00:00, OKEX--ETH--USDT, 434.1201, 435.0, 431.5808, 432.6854, 2125.809647
2018-06-28 19:00:00, OKEX--ETH--USDT, 432.8324, 436.1256, 432.1062, 435.7285, 3076.763673
2018-06-28 20:00:00, OKEX--ETH--USDT, 435.9063, 439.9397, 434.635, 437.3213, 2758.03336
2018-06-28 21:00:00, OKEX--ETH--USDT, 437.191, 437.5837, 435.0648, 436.8871, 2980.077665
2018-06-30 03:00:00, OKEX--ETH--USDT, 411.169, 411.1696, 408.4676, 410.1656, 1873.723131
2018-06-30 04:00:00, OKEX--ETH--USDT, 410.1146, 413.6295, 409.9284, 413.2257, 2147.477278
2018-06-30 05:00:00, OKEX--ETH--USDT, 413.1155, 415.4694, 413.1155, 415.0631, 1296.692131
2018-06-30 06:00:00, OKEX--ETH--USDT, 415.81, 433.1688, 415.3599, 432.8242, 1843.174877
2018-06-30 07:00:00, OKEX--ETH--USDT, 434.5497, 441.2439, 433.6022, 434.2613, 1603.795781
2018-06-30 08:00:00, OKEX--ETH--USDT, 436.0328, 444.5719, 435.8, 442.0573, 2713.118081
2018-06-30 09:00:00, OKEX--ETH--USDT, 443.9503, 458.8139, 443.5511, 450.5, 1272.480669
2018-06-30 10:00:00, OKEX--ETH--USDT, 450.5396, 456.1359, 446.7175, 448.7809, 1564.331562
2018-06-30 11:00:00, OKEX--ETH--USDT, 448.7609, 450.3586, 446.15, 446.2679, 1241.833675
2018-06-30 12:00:00, OKEX--ETH--USDT, 446.2679, 451.0, 446.2278, 450.78, 2144.630852
2018-06-30 13:00:00, OKEX--ETH--USDT, 450.76, 452.0212, 450.6501, 451.884, 2065.960037
2018-06-30 14:00:00, OKEX--ETH--USDT, 451.4021, 452.0, 450.045, 450.3497, 1989.50955
2018-06-30 15:00:00, OKEX--ETH--USDT, 450.376, 452.2699, 449.5891, 451.4655, 1745.572275
2018-06-30 16:00:00, OKEX--ETH--USDT, 451.4655, 451.5, 449.9513, 451.4, 2138.470238
2018-06-30 17:00:00, OKEX--ETH--USDT, 451.4, 458.1219, 450.3263, 457.3401, 2044.599926
2018-06-30 18:00:00, OKEX--ETH--USDT, 458.0144, 458.4987, 451.1975, 451.5671, 1336.584794
2018-06-30 19:00:00, OKEX--ETH--USDT, 451.4901, 455.7999, 451.4901, 453.3857, 1891.844697
2018-06-30 20:00:00, OKEX--ETH--USDT, 453.311, 457.6034, 452.9989, 454.1649, 1334.862924
2018-06-30 21:00:00, OKEX--ETH--USDT, 453.8901, 455.441, 453.408, 454.3972, 1127.764781
2018-07-01 03:00:00, OKEX--ETH--USDT, 443.6726, 444.4545, 441.95, 444.2438, 2137.212758
2018-07-01 04:00:00, OKEX--ETH--USDT, 443.8453, 447.9343, 443.5011, 447.753, 1569.158063
2018-07-01 05:00:00, OKEX--ETH--USDT, 447.6369, 447.6406, 445.2514, 446.021, 2216.62363
2018-07-01 06:00:00, OKEX--ETH--USDT, 445.6339, 447.8691, 444.2008, 447.5747, 2465.752095
2018-07-01 07:00:00, OKEX--ETH--USDT, 447.4352, 455.0, 447.4352, 454.01, 2259.788241
2018-07-01 08:00:00, OKEX--ETH--USDT, 454.15, 456.7376, 451.2003, 452.3, 1876.021578
2018-07-01 09:00:00, OKEX--ETH--USDT, 452.0462, 452.458, 448.3631, 451.7415, 2057.534191
2018-07-01 10:00:00, OKEX--ETH--USDT, 451.4673, 453.6504, 449.7924, 450.9089, 1000.255797
2018-07-01 11:00:00, OKEX--ETH--USDT, 450.8501, 452.0, 450.3, 450.5897, 2312.39266
2018-07-01 12:00:00, OKEX--ETH--USDT, 450.3986, 451.0797, 449.0831, 451.0796, 2342.724834
2018-07-01 13:00:00, OKEX--ETH--USDT, 450.93, 454.5, 450.7657, 453.9271, 1918.317762
2018-07-01 14:00:00, OKEX--ETH--USDT, 454.845, 455.8, 451.5408, 451.5408, 2249.432612
2018-07-01 15:00:00, OKEX--ETH--USDT, 451.9425, 454.3788, 451.0001, 454.24, 2194.566454
2018-07-01 16:00:00, OKEX--ETH--USDT, 454.3388, 455.9944, 452.4892, 455.6856, 1783.724636
2018-07-01 17:00:00, OKEX--ETH--USDT, 455.3225, 456.748, 453.21, 454.5158, 1502.213659
2018-07-01 18:00:00, OKEX--ETH--USDT, 453.1314, 456.0, 453.1314, 455.9088, 1249.658386
2018-07-01 19:00:00, OKEX--ETH--USDT, 455.0785, 455.48, 453.8334, 453.9425, 1997.269194
2018-07-01 20:00:00, OKEX--ETH--USDT, 454.3417, 454.9226, 450.255, 450.3011, 1717.058684
2018-07-01 21:00:00, OKEX--ETH--USDT, 449.5, 452.26, 448.2262, 449.48, 1202.087459
2018-07-08 02:00:00, OKEX--ETH--USDT, 465.983, 466.7909, 464.9999, 466.6092, 1922.606254
2018-07-08 03:00:00, OKEX--ETH--USDT, 466.25, 466.568, 465.0, 465.9014, 2140.201254
2018-07-08 04:00:00, OKEX--ETH--USDT, 465.9014, 466.0917, 463.6678, 464.4431, 2270.412219
2018-07-08 05:00:00, OKEX--ETH--USDT, 464.4259, 465.2386, 464.1572, 464.5245, 2675.78142
2018-07-08 06:00:00, OKEX--ETH--USDT, 464.7537, 468.8646, 463.9787, 468.647, 2817.817604
2018-07-08 07:00:00, OKEX--ETH--USDT, 468.6332, 487.5925, 467.5893, 486.2373, 3798.745777
2018-07-08 08:00:00, OKEX--ETH--USDT, 487.1135, 491.6889, 484.6436, 486.4741, 2857.404297
2018-07-08 09:00:00, OKEX--ETH--USDT, 486.3741, 487.35, 483.2451, 483.7061, 4857.886281
2018-07-08 10:00:00, OKEX--ETH--USDT, 483.8834, 486.8565, 483.1599, 485.3127, 4719.961388
2018-07-08 11:00:00, OKEX--ETH--USDT, 485.345, 485.3924, 482.43, 482.66, 4037.156251
2018-07-08 12:00:00, OKEX--ETH--USDT, 482.6, 483.9352, 482.0, 483.2677, 3323.480573
2018-07-08 13:00:00, OKEX--ETH--USDT, 483.3399, 485.2, 483.2344, 483.87, 3087.802115
2018-07-08 14:00:00, OKEX--ETH--USDT, 483.9185, 485.7778, 483.7741, 485.2188, 2801.848962
2018-07-08 15:00:00, OKEX--ETH--USDT, 485.1898, 485.4656, 484.2, 484.8808, 3253.030437
2018-07-08 16:00:00, OKEX--ETH--USDT, 484.8854, 485.4656, 483.7844, 485.0011, 2867.554819
2018-07-08 17:00:00, OKEX--ETH--USDT, 485.0011, 487.9533, 484.8, 485.6709, 3097.421583
2018-07-08 18:00:00, OKEX--ETH--USDT, 485.8634, 485.9848, 484.0507, 484.339, 3189.130181
2018-07-08 19:00:00, OKEX--ETH--USDT, 484.1303, 486.4985, 484.0636, 486.3649, 2587.735482
2018-07-08 20:00:00, OKEX--ETH--USDT, 486.0211, 487.2798, 484.7686, 485.0, 3258.571517
2018-07-08 21:00:00, OKEX--ETH--USDT, 484.6254, 488.1572, 484.3909, 487.4101, 3335.210659
2018-06-18 03:00:00, OKEX--BCH--USDT, 851.1539, 853.7526, 847.238, 851.5466, 1000.19224232
2018-06-18 04:00:00, OKEX--BCH--USDT, 850.256, 851.1895, 844.6, 847.0637, 1175.92593525
2018-06-18 05:00:00, OKEX--BCH--USDT, 847.2767, 852.3485, 846.734, 849.0932, 1350.94777032
2018-06-18 06:00:00, OKEX--BCH--USDT, 849.1216, 850.8453, 846.5538, 849.0806, 923.06859718
2018-06-18 07:00:00, OKEX--BCH--USDT, 848.4354, 849.9795, 842.7026, 846.1295, 1145.40495663
2018-06-18 08:00:00, OKEX--BCH--USDT, 846.3384, 849.2878, 838.2621, 838.358, 1266.17138981
2018-06-18 09:00:00, OKEX--BCH--USDT, 834.8374, 841.904, 832.45, 839.1528, 1005.75103301
2018-06-18 10:00:00, OKEX--BCH--USDT, 839.1871, 839.1871, 834.0001, 837.1, 1285.22159954
2018-06-18 11:00:00, OKEX--BCH--USDT, 835.2016, 838.0, 834.071, 836.0, 981.85617222
2018-06-18 12:00:00, OKEX--BCH--USDT, 836.0, 836.0565, 831.4211, 833.1543, 1190.51740913
2018-06-18 13:00:00, OKEX--BCH--USDT, 833.7565, 835.5301, 830.8153, 834.6177, 1307.51843033
2018-06-18 14:00:00, OKEX--BCH--USDT, 834.5374, 835.9325, 833.0528, 834.0326, 863.33692499
2018-06-18 15:00:00, OKEX--BCH--USDT, 833.5218, 835.3, 832.747, 834.4414, 902.93264539
2018-06-18 16:00:00, OKEX--BCH--USDT, 834.0813, 842.9, 833.0, 840.8156, 1024.80891414
2018-06-18 17:00:00, OKEX--BCH--USDT, 840.119, 842.0, 836.7252, 837.8445, 816.09875902
2018-06-18 18:00:00, OKEX--BCH--USDT, 837.8924, 838.6546, 833.3713, 835.2186, 1162.81201595
2018-06-18 19:00:00, OKEX--BCH--USDT, 835.0, 835.1124, 826.1319, 830.8833, 1042.73028372
2018-06-18 20:00:00, OKEX--BCH--USDT, 830.4683, 836.0348, 829.9484, 833.5492, 1111.28019724
2018-06-18 21:00:00, OKEX--BCH--USDT, 833.3886, 834.0684, 831.5, 833.9272, 1153.92086452
2018-06-20 03:00:00, OKEX--BCH--USDT, 892.4772, 900.6341, 891.4452, 900.5377, 914.78682445
2018-06-20 04:00:00, OKEX--BCH--USDT, 900.1927, 901.9024, 890.9, 891.7071, 1110.47355064
2018-06-20 05:00:00, OKEX--BCH--USDT, 891.5, 895.3744, 891.5, 895.0045, 888.27421557
2018-06-20 06:00:00, OKEX--BCH--USDT, 894.8585, 901.6186, 894.8585, 900.4357, 966.50335087
2018-06-20 07:00:00, OKEX--BCH--USDT, 900.2754, 908.79, 898.247, 906.9853, 1042.80147879
2018-06-20 08:00:00, OKEX--BCH--USDT, 906.9853, 908.654, 883.9966, 883.9966, 655.31121186
2018-06-20 09:00:00, OKEX--BCH--USDT, 879.5602, 880.0643, 863.3757, 871.2133, 745.43983298
2018-06-20 10:00:00, OKEX--BCH--USDT, 866.9077, 869.5342, 864.7713, 869.0512, 744.66163125
2018-06-20 11:00:00, OKEX--BCH--USDT, 868.1668, 871.4206, 867.4176, 868.3435, 907.15796344
2018-06-20 12:00:00, OKEX--BCH--USDT, 868.2958, 874.0, 865.5754, 870.0707, 1154.10678604
2018-06-20 13:00:00, OKEX--BCH--USDT, 870.0, 872.3108, 867.1006, 867.1856, 820.62759228
2018-06-20 14:00:00, OKEX--BCH--USDT, 867.7327, 874.5279, 865.7427, 873.5739, 1124.87161684
2018-06-20 15:00:00, OKEX--BCH--USDT, 875.6067, 876.0593, 871.8039, 875.9164, 1166.83690862
2018-06-20 16:00:00, OKEX--BCH--USDT, 875.3281, 875.517, 873.0, 875.0318, 930.87110632
2018-06-22 03:00:00, OKEX--BCH--USDT, 867.0034, 870.4608, 862.61, 868.8532, 787.67707598
2018-06-22 04:00:00, OKEX--BCH--USDT, 868.7908, 873.5698, 868.5683, 870.7516, 728.90430425
2018-06-22 05:00:00, OKEX--BCH--USDT, 871.2167, 871.4451, 868.1824, 868.6912, 934.10111314
2018-06-22 06:00:00, OKEX--BCH--USDT, 868.5222, 874.9769, 867.2125, 873.9655, 1076.16095245
2018-06-22 07:00:00, OKEX--BCH--USDT, 873.7017, 873.7017, 870.8868, 871.6534, 873.41512967
2018-06-22 08:00:00, OKEX--BCH--USDT, 871.1716, 874.6736, 871.1716, 873.3919, 884.29087687
2018-06-22 09:00:00, OKEX--BCH--USDT, 873.0796, 874.0541, 842.3274, 843.156, 942.00304511
2018-06-22 10:00:00, OKEX--BCH--USDT, 845.9921, 851.9318, 841.1682, 849.5201, 1142.08327913
2018-06-22 11:00:00, OKEX--BCH--USDT, 848.9995, 854.997, 848.9995, 851.891, 807.51184251
2018-06-22 12:00:00, OKEX--BCH--USDT, 850.7844, 851.5165, 843.7266, 846.8036, 967.96196045
2018-06-22 13:00:00, OKEX--BCH--USDT, 846.6854, 852.9937, 845.8329, 847.0, 1064.77327169
2018-06-22 14:00:00, OKEX--BCH--USDT, 846.8929, 848.7172, 841.0, 843.9813, 1080.56237391
2018-06-22 15:00:00, OKEX--BCH--USDT, 843.9812, 843.9812, 815.0, 816.091, 1167.13654813
2018-06-22 16:00:00, OKEX--BCH--USDT, 823.266, 829.6949, 802.0955, 810.0544, 1190.22402668
2018-06-22 17:00:00, OKEX--BCH--USDT, 807.2788, 808.9841, 800.0, 800.0, 1071.76868448
2018-06-22 18:00:00, OKEX--BCH--USDT, 800.0786, 811.1306, 796.0, 810.777, 1080.60551418
2018-06-22 19:00:00, OKEX--BCH--USDT, 806.8856, 820.3045, 800.0, 805.7242, 1243.38447159
2018-06-22 20:00:00, OKEX--BCH--USDT, 802.0, 803.1454, 792.1592, 794.293, 1332.54669746
2018-06-22 21:00:00, OKEX--BCH--USDT, 789.9874, 791.1115, 741.3114, 757.474, 892.56942878
2018-06-23 03:00:00, OKEX--BCH--USDT, 778.5041, 780.9802, 772.5157, 774.2488, 937.00824383
2018-06-23 04:00:00, OKEX--BCH--USDT, 774.0327, 775.3872, 737.3688, 744.1124, 1220.70822525
2018-06-23 05:00:00, OKEX--BCH--USDT, 744.5753, 745.0794, 721.8471, 739.7914, 1121.78394023
2018-06-23 06:00:00, OKEX--BCH--USDT, 740.5623, 763.743, 735.6225, 753.3398, 1282.63021003
2018-06-23 07:00:00, OKEX--BCH--USDT, 754.2038, 755.775, 745.2347, 749.2332, 688.52321423
2018-06-23 08:00:00, OKEX--BCH--USDT, 748.9524, 771.8358, 747.0905, 767.8301, 1272.65313363
2018-06-23 09:00:00, OKEX--BCH--USDT, 765.7378, 766.7998, 756.858, 759.2013, 1086.51007035
2018-06-23 10:00:00, OKEX--BCH--USDT, 758.4818, 774.4425, 757.1662, 763.8727, 1029.54783087
2018-06-23 11:00:00, OKEX--BCH--USDT, 764.253, 765.2119, 749.8296, 754.7495, 1064.69253054
2018-06-23 12:00:00, OKEX--BCH--USDT, 752.2225, 763.6474, 750.7447, 756.9207, 1267.54111895
2018-06-23 13:00:00, OKEX--BCH--USDT, 757.0831, 759.6813, 746.251, 746.672, 1007.28509821
2018-06-23 14:00:00, OKEX--BCH--USDT, 746.7694, 747.0, 730.9184, 738.552, 1462.69106002
